"","month","year","creek","mean_daily_q_mm_day","modeled_use_mm_day","quantile","modeled_monthly_use_0.05cover","modeled_monthly_use_0.1cover","modeled_monthly_use_0.5cover","modeled_monthly_use_1cover","modeled_monhtyly_use_5cover"
"1",1,2016,"Dry Creek",22.8989326686801,0.403160899625064,0.25,0.000201580449812532,0.000403160899625064,0.00201580449812532,0.00403160899625064,0.0201580449812532
"2",1,2016,"Dry Creek",22.8989326686801,0.498122906969471,0.5,0.000249061453484735,0.000498122906969471,0.00249061453484735,0.0049812290696947,0.0249061453484735
"3",1,2016,"Dry Creek",22.8989326686801,0.800174784791615,0.75,0.000400087392395807,0.000800174784791615,0.00400087392395807,0.00800174784791615,0.0400087392395807
"4",1,2016,"Dry Creek",22.8989326686801,1.27933110096848,0.9,0.000639665550484238,0.00127933110096848,0.00639665550484238,0.0127933110096848,0.0639665550484238
"5",1,2016,"Dry Creek",22.8989326686801,1.61993654916436,0.95,0.000809968274582182,0.00161993654916436,0.00809968274582182,0.0161993654916436,0.0809968274582182
"6",1,2017,"Dry Creek",24.4375530357124,0.403160899625064,0.25,0.000201580449812532,0.000403160899625064,0.00201580449812532,0.00403160899625064,0.0201580449812532
"7",1,2017,"Dry Creek",24.4375530357124,0.498122906969471,0.5,0.000249061453484735,0.000498122906969471,0.00249061453484735,0.0049812290696947,0.0249061453484735
"8",1,2017,"Dry Creek",24.4375530357124,0.800174784791615,0.75,0.000400087392395807,0.000800174784791615,0.00400087392395807,0.00800174784791615,0.0400087392395807
"9",1,2017,"Dry Creek",24.4375530357124,1.27933110096848,0.9,0.000639665550484238,0.00127933110096848,0.00639665550484238,0.0127933110096848,0.0639665550484238
"10",1,2017,"Dry Creek",24.4375530357124,1.61993654916436,0.95,0.000809968274582182,0.00161993654916436,0.00809968274582182,0.0161993654916436,0.0809968274582182
"11",1,2018,"Dry Creek",10.6778402566654,0.403160899625064,0.25,0.000201580449812532,0.000403160899625064,0.00201580449812532,0.00403160899625064,0.0201580449812532
"12",1,2018,"Dry Creek",10.6778402566654,0.498122906969471,0.5,0.000249061453484735,0.000498122906969471,0.00249061453484735,0.0049812290696947,0.0249061453484735
"13",1,2018,"Dry Creek",10.6778402566654,0.800174784791615,0.75,0.000400087392395807,0.000800174784791615,0.00400087392395807,0.00800174784791615,0.0400087392395807
"14",1,2018,"Dry Creek",10.6778402566654,1.27933110096848,0.9,0.000639665550484238,0.00127933110096848,0.00639665550484238,0.0127933110096848,0.0639665550484238
"15",1,2018,"Dry Creek",10.6778402566654,1.61993654916436,0.95,0.000809968274582182,0.00161993654916436,0.00809968274582182,0.0161993654916436,0.0809968274582182
"16",1,2019,"Dry Creek",13.4235970003711,0.403160899625064,0.25,0.000201580449812532,0.000403160899625064,0.00201580449812532,0.00403160899625064,0.0201580449812532
"17",1,2019,"Dry Creek",13.4235970003711,0.498122906969471,0.5,0.000249061453484735,0.000498122906969471,0.00249061453484735,0.0049812290696947,0.0249061453484735
"18",1,2019,"Dry Creek",13.4235970003711,0.800174784791615,0.75,0.000400087392395807,0.000800174784791615,0.00400087392395807,0.00800174784791615,0.0400087392395807
"19",1,2019,"Dry Creek",13.4235970003711,1.27933110096848,0.9,0.000639665550484238,0.00127933110096848,0.00639665550484238,0.0127933110096848,0.0639665550484238
"20",1,2019,"Dry Creek",13.4235970003711,1.61993654916436,0.95,0.000809968274582182,0.00161993654916436,0.00809968274582182,0.0161993654916436,0.0809968274582182
"21",1,2019,"Elder",9.23589100839668,0.403160899625064,0.25,0.000201580449812532,0.000403160899625064,0.00201580449812532,0.00403160899625064,0.0201580449812532
"22",1,2019,"Elder",9.23589100839668,0.498122906969471,0.5,0.000249061453484735,0.000498122906969471,0.00249061453484735,0.0049812290696947,0.0249061453484735
"23",1,2019,"Elder",9.23589100839668,0.800174784791615,0.75,0.000400087392395807,0.000800174784791615,0.00400087392395807,0.00800174784791615,0.0400087392395807
"24",1,2019,"Elder",9.23589100839668,1.27933110096848,0.9,0.000639665550484238,0.00127933110096848,0.00639665550484238,0.0127933110096848,0.0639665550484238
"25",1,2019,"Elder",9.23589100839668,1.61993654916436,0.95,0.000809968274582182,0.00161993654916436,0.00809968274582182,0.0161993654916436,0.0809968274582182
"26",1,2016,"Elder",14.9093808922098,0.403160899625064,0.25,0.000201580449812532,0.000403160899625064,0.00201580449812532,0.00403160899625064,0.0201580449812532
"27",1,2016,"Elder",14.9093808922098,0.498122906969471,0.5,0.000249061453484735,0.000498122906969471,0.00249061453484735,0.0049812290696947,0.0249061453484735
"28",1,2016,"Elder",14.9093808922098,0.800174784791615,0.75,0.000400087392395807,0.000800174784791615,0.00400087392395807,0.00800174784791615,0.0400087392395807
"29",1,2016,"Elder",14.9093808922098,1.27933110096848,0.9,0.000639665550484238,0.00127933110096848,0.00639665550484238,0.0127933110096848,0.0639665550484238
"30",1,2016,"Elder",14.9093808922098,1.61993654916436,0.95,0.000809968274582182,0.00161993654916436,0.00809968274582182,0.0161993654916436,0.0809968274582182
"31",1,2017,"Elder",18.9989154649077,0.403160899625064,0.25,0.000201580449812532,0.000403160899625064,0.00201580449812532,0.00403160899625064,0.0201580449812532
"32",1,2017,"Elder",18.9989154649077,0.498122906969471,0.5,0.000249061453484735,0.000498122906969471,0.00249061453484735,0.0049812290696947,0.0249061453484735
"33",1,2017,"Elder",18.9989154649077,0.800174784791615,0.75,0.000400087392395807,0.000800174784791615,0.00400087392395807,0.00800174784791615,0.0400087392395807
"34",1,2017,"Elder",18.9989154649077,1.27933110096848,0.9,0.000639665550484238,0.00127933110096848,0.00639665550484238,0.0127933110096848,0.0639665550484238
"35",1,2017,"Elder",18.9989154649077,1.61993654916436,0.95,0.000809968274582182,0.00161993654916436,0.00809968274582182,0.0161993654916436,0.0809968274582182
"36",1,2018,"Elder",4.30181772102419,0.403160899625064,0.25,0.000201580449812532,0.000403160899625064,0.00201580449812532,0.00403160899625064,0.0201580449812532
"37",1,2018,"Elder",4.30181772102419,0.498122906969471,0.5,0.000249061453484735,0.000498122906969471,0.00249061453484735,0.0049812290696947,0.0249061453484735
"38",1,2018,"Elder",4.30181772102419,0.800174784791615,0.75,0.000400087392395807,0.000800174784791615,0.00400087392395807,0.00800174784791615,0.0400087392395807
"39",1,2018,"Elder",4.30181772102419,1.27933110096848,0.9,0.000639665550484238,0.00127933110096848,0.00639665550484238,0.0127933110096848,0.0639665550484238
"40",1,2018,"Elder",4.30181772102419,1.61993654916436,0.95,0.000809968274582182,0.00161993654916436,0.00809968274582182,0.0161993654916436,0.0809968274582182
"41",2,2016,"Dry Creek",4.45592329462027,0.465312678672572,0.25,0.000232656339336286,0.000465312678672572,0.00232656339336286,0.00465312678672572,0.0232656339336286
"42",2,2016,"Dry Creek",4.45592329462027,0.574914145607098,0.5,0.000287457072803549,0.000574914145607098,0.00287457072803549,0.00574914145607098,0.0287457072803549
"43",2,2016,"Dry Creek",4.45592329462027,0.923530711594053,0.75,0.000461765355797026,0.000923530711594053,0.00461765355797026,0.00923530711594053,0.0461765355797027
"44",2,2016,"Dry Creek",4.45592329462027,1.47655435349605,0.9,0.000738277176748025,0.00147655435349605,0.00738277176748025,0.0147655435349605,0.0738277176748025
"45",2,2016,"Dry Creek",4.45592329462027,1.86966795557872,0.95,0.000934833977789362,0.00186966795557872,0.00934833977789362,0.0186966795557872,0.0934833977789362
"46",2,2016,"Elder",4.74859213545778,0.465312678672572,0.25,0.000232656339336286,0.000465312678672572,0.00232656339336286,0.00465312678672572,0.0232656339336286
"47",2,2016,"Elder",4.74859213545778,0.574914145607098,0.5,0.000287457072803549,0.000574914145607098,0.00287457072803549,0.00574914145607098,0.0287457072803549
"48",2,2016,"Elder",4.74859213545778,0.923530711594053,0.75,0.000461765355797026,0.000923530711594053,0.00461765355797026,0.00923530711594053,0.0461765355797027
"49",2,2016,"Elder",4.74859213545778,1.47655435349605,0.9,0.000738277176748025,0.00147655435349605,0.00738277176748025,0.0147655435349605,0.0738277176748025
"50",2,2016,"Elder",4.74859213545778,1.86966795557872,0.95,0.000934833977789362,0.00186966795557872,0.00934833977789362,0.0186966795557872,0.0934833977789362
"51",2,2017,"Elder",22.0651816621601,0.465312678672572,0.25,0.000232656339336286,0.000465312678672572,0.00232656339336286,0.00465312678672572,0.0232656339336286
"52",2,2017,"Elder",22.0651816621601,0.574914145607098,0.5,0.000287457072803549,0.000574914145607098,0.00287457072803549,0.00574914145607098,0.0287457072803549
"53",2,2017,"Elder",22.0651816621601,0.923530711594053,0.75,0.000461765355797026,0.000923530711594053,0.00461765355797026,0.00923530711594053,0.0461765355797027
"54",2,2017,"Elder",22.0651816621601,1.47655435349605,0.9,0.000738277176748025,0.00147655435349605,0.00738277176748025,0.0147655435349605,0.0738277176748025
"55",2,2017,"Elder",22.0651816621601,1.86966795557872,0.95,0.000934833977789362,0.00186966795557872,0.00934833977789362,0.0186966795557872,0.0934833977789362
"56",2,2018,"Elder",1.77850266633892,0.465312678672572,0.25,0.000232656339336286,0.000465312678672572,0.00232656339336286,0.00465312678672572,0.0232656339336286
"57",2,2018,"Elder",1.77850266633892,0.574914145607098,0.5,0.000287457072803549,0.000574914145607098,0.00287457072803549,0.00574914145607098,0.0287457072803549
"58",2,2018,"Elder",1.77850266633892,0.923530711594053,0.75,0.000461765355797026,0.000923530711594053,0.00461765355797026,0.00923530711594053,0.0461765355797027
"59",2,2018,"Elder",1.77850266633892,1.47655435349605,0.9,0.000738277176748025,0.00147655435349605,0.00738277176748025,0.0147655435349605,0.0738277176748025
"60",2,2018,"Elder",1.77850266633892,1.86966795557872,0.95,0.000934833977789362,0.00186966795557872,0.00934833977789362,0.0186966795557872,0.0934833977789362
"61",2,2019,"Elder",16.1536432294302,0.465312678672572,0.25,0.000232656339336286,0.000465312678672572,0.00232656339336286,0.00465312678672572,0.0232656339336286
"62",2,2019,"Elder",16.1536432294302,0.574914145607098,0.5,0.000287457072803549,0.000574914145607098,0.00287457072803549,0.00574914145607098,0.0287457072803549
"63",2,2019,"Elder",16.1536432294302,0.923530711594053,0.75,0.000461765355797026,0.000923530711594053,0.00461765355797026,0.00923530711594053,0.0461765355797027
"64",2,2019,"Elder",16.1536432294302,1.47655435349605,0.9,0.000738277176748025,0.00147655435349605,0.00738277176748025,0.0147655435349605,0.0738277176748025
"65",2,2019,"Elder",16.1536432294302,1.86966795557872,0.95,0.000934833977789362,0.00186966795557872,0.00934833977789362,0.0186966795557872,0.0934833977789362
"66",2,2017,"Dry Creek",26.120006946214,0.465312678672572,0.25,0.000232656339336286,0.000465312678672572,0.00232656339336286,0.00465312678672572,0.0232656339336286
"67",2,2017,"Dry Creek",26.120006946214,0.574914145607098,0.5,0.000287457072803549,0.000574914145607098,0.00287457072803549,0.00574914145607098,0.0287457072803549
"68",2,2017,"Dry Creek",26.120006946214,0.923530711594053,0.75,0.000461765355797026,0.000923530711594053,0.00461765355797026,0.00923530711594053,0.0461765355797027
"69",2,2017,"Dry Creek",26.120006946214,1.47655435349605,0.9,0.000738277176748025,0.00147655435349605,0.00738277176748025,0.0147655435349605,0.0738277176748025
"70",2,2017,"Dry Creek",26.120006946214,1.86966795557872,0.95,0.000934833977789362,0.00186966795557872,0.00934833977789362,0.0186966795557872,0.0934833977789362
"71",2,2018,"Dry Creek",0.269470363273234,0.465312678672572,0.25,0.000232656339336286,0.000465312678672572,0.00232656339336286,0.00465312678672572,0.0232656339336286
"72",2,2018,"Dry Creek",0.269470363273234,0.574914145607098,0.5,0.000287457072803549,0.000574914145607098,0.00287457072803549,0.00574914145607098,0.0287457072803549
"73",2,2018,"Dry Creek",0.269470363273234,0.923530711594053,0.75,0.000461765355797026,0.000923530711594053,0.00461765355797026,0.00923530711594053,0.0461765355797027
"74",2,2018,"Dry Creek",0.269470363273234,1.47655435349605,0.9,0.000738277176748025,0.00147655435349605,0.00738277176748025,0.0147655435349605,0.0738277176748025
"75",2,2018,"Dry Creek",0.269470363273234,1.86966795557872,0.95,0.000934833977789362,0.00186966795557872,0.00934833977789362,0.0186966795557872,0.0934833977789362
"76",2,2019,"Dry Creek",24.7506132764612,0.465312678672572,0.25,0.000232656339336286,0.000465312678672572,0.00232656339336286,0.00465312678672572,0.0232656339336286
"77",2,2019,"Dry Creek",24.7506132764612,0.574914145607098,0.5,0.000287457072803549,0.000574914145607098,0.00287457072803549,0.00574914145607098,0.0287457072803549
"78",2,2019,"Dry Creek",24.7506132764612,0.923530711594053,0.75,0.000461765355797026,0.000923530711594053,0.00461765355797026,0.00923530711594053,0.0461765355797027
"79",2,2019,"Dry Creek",24.7506132764612,1.47655435349605,0.9,0.000738277176748025,0.00147655435349605,0.00738277176748025,0.0147655435349605,0.0738277176748025
"80",2,2019,"Dry Creek",24.7506132764612,1.86966795557872,0.95,0.000934833977789362,0.00186966795557872,0.00934833977789362,0.0186966795557872,0.0934833977789362
"81",3,2016,"Elder",14.9588067262836,0.464220338032135,0.25,0.000232110169016068,0.000464220338032135,0.00232110169016068,0.00464220338032135,0.0232110169016068
"82",3,2016,"Elder",14.9588067262836,0.57356451101773,0.5,0.000286782255508865,0.00057356451101773,0.00286782255508865,0.0057356451101773,0.0286782255508865
"83",3,2016,"Elder",14.9588067262836,0.921362685285717,0.75,0.000460681342642859,0.000921362685285717,0.00460681342642859,0.00921362685285717,0.0460681342642859
"84",3,2016,"Elder",14.9588067262836,1.47308808145563,0.9,0.000736544040727814,0.00147308808145563,0.00736544040727814,0.0147308808145563,0.0736544040727814
"85",3,2016,"Elder",14.9588067262836,1.86527883319799,0.95,0.000932639416598996,0.00186527883319799,0.00932639416598996,0.0186527883319799,0.0932639416598996
"86",3,2016,"Dry Creek",25.3753760870395,0.464220338032135,0.25,0.000232110169016068,0.000464220338032135,0.00232110169016068,0.00464220338032135,0.0232110169016068
"87",3,2016,"Dry Creek",25.3753760870395,0.57356451101773,0.5,0.000286782255508865,0.00057356451101773,0.00286782255508865,0.0057356451101773,0.0286782255508865
"88",3,2016,"Dry Creek",25.3753760870395,0.921362685285717,0.75,0.000460681342642859,0.000921362685285717,0.00460681342642859,0.00921362685285717,0.0460681342642859
"89",3,2016,"Dry Creek",25.3753760870395,1.47308808145563,0.9,0.000736544040727814,0.00147308808145563,0.00736544040727814,0.0147308808145563,0.0736544040727814
"90",3,2016,"Dry Creek",25.3753760870395,1.86527883319799,0.95,0.000932639416598996,0.00186527883319799,0.00932639416598996,0.0186527883319799,0.0932639416598996
"91",3,2017,"Elder",6.41428889527249,0.464220338032135,0.25,0.000232110169016068,0.000464220338032135,0.00232110169016068,0.00464220338032135,0.0232110169016068
"92",3,2017,"Elder",6.41428889527249,0.57356451101773,0.5,0.000286782255508865,0.00057356451101773,0.00286782255508865,0.0057356451101773,0.0286782255508865
"93",3,2017,"Elder",6.41428889527249,0.921362685285717,0.75,0.000460681342642859,0.000921362685285717,0.00460681342642859,0.00921362685285717,0.0460681342642859
"94",3,2017,"Elder",6.41428889527249,1.47308808145563,0.9,0.000736544040727814,0.00147308808145563,0.00736544040727814,0.0147308808145563,0.0736544040727814
"95",3,2017,"Elder",6.41428889527249,1.86527883319799,0.95,0.000932639416598996,0.00186527883319799,0.00932639416598996,0.0186527883319799,0.0932639416598996
"96",3,2018,"Elder",6.35632425980116,0.464220338032135,0.25,0.000232110169016068,0.000464220338032135,0.00232110169016068,0.00464220338032135,0.0232110169016068
"97",3,2018,"Elder",6.35632425980116,0.57356451101773,0.5,0.000286782255508865,0.00057356451101773,0.00286782255508865,0.0057356451101773,0.0286782255508865
"98",3,2018,"Elder",6.35632425980116,0.921362685285717,0.75,0.000460681342642859,0.000921362685285717,0.00460681342642859,0.00921362685285717,0.0460681342642859
"99",3,2018,"Elder",6.35632425980116,1.47308808145563,0.9,0.000736544040727814,0.00147308808145563,0.00736544040727814,0.0147308808145563,0.0736544040727814
"100",3,2018,"Elder",6.35632425980116,1.86527883319799,0.95,0.000932639416598996,0.00186527883319799,0.00932639416598996,0.0186527883319799,0.0932639416598996
"101",3,2019,"Elder",9.37056651984054,0.464220338032135,0.25,0.000232110169016068,0.000464220338032135,0.00232110169016068,0.00464220338032135,0.0232110169016068
"102",3,2019,"Elder",9.37056651984054,0.57356451101773,0.5,0.000286782255508865,0.00057356451101773,0.00286782255508865,0.0057356451101773,0.0286782255508865
"103",3,2019,"Elder",9.37056651984054,0.921362685285717,0.75,0.000460681342642859,0.000921362685285717,0.00460681342642859,0.00921362685285717,0.0460681342642859
"104",3,2019,"Elder",9.37056651984054,1.47308808145563,0.9,0.000736544040727814,0.00147308808145563,0.00736544040727814,0.0147308808145563,0.0736544040727814
"105",3,2019,"Elder",9.37056651984054,1.86527883319799,0.95,0.000932639416598996,0.00186527883319799,0.00932639416598996,0.0186527883319799,0.0932639416598996
"106",3,2017,"Dry Creek",8.67780044163277,0.464220338032135,0.25,0.000232110169016068,0.000464220338032135,0.00232110169016068,0.00464220338032135,0.0232110169016068
"107",3,2017,"Dry Creek",8.67780044163277,0.57356451101773,0.5,0.000286782255508865,0.00057356451101773,0.00286782255508865,0.0057356451101773,0.0286782255508865
"108",3,2017,"Dry Creek",8.67780044163277,0.921362685285717,0.75,0.000460681342642859,0.000921362685285717,0.00460681342642859,0.00921362685285717,0.0460681342642859
"109",3,2017,"Dry Creek",8.67780044163277,1.47308808145563,0.9,0.000736544040727814,0.00147308808145563,0.00736544040727814,0.0147308808145563,0.0736544040727814
"110",3,2017,"Dry Creek",8.67780044163277,1.86527883319799,0.95,0.000932639416598996,0.00186527883319799,0.00932639416598996,0.0186527883319799,0.0932639416598996
"111",3,2018,"Dry Creek",13.8289525693944,0.464220338032135,0.25,0.000232110169016068,0.000464220338032135,0.00232110169016068,0.00464220338032135,0.0232110169016068
"112",3,2018,"Dry Creek",13.8289525693944,0.57356451101773,0.5,0.000286782255508865,0.00057356451101773,0.00286782255508865,0.0057356451101773,0.0286782255508865
"113",3,2018,"Dry Creek",13.8289525693944,0.921362685285717,0.75,0.000460681342642859,0.000921362685285717,0.00460681342642859,0.00921362685285717,0.0460681342642859
"114",3,2018,"Dry Creek",13.8289525693944,1.47308808145563,0.9,0.000736544040727814,0.00147308808145563,0.00736544040727814,0.0147308808145563,0.0736544040727814
"115",3,2018,"Dry Creek",13.8289525693944,1.86527883319799,0.95,0.000932639416598996,0.00186527883319799,0.00932639416598996,0.0186527883319799,0.0932639416598996
"116",3,2019,"Dry Creek",9.34317796342115,0.464220338032135,0.25,0.000232110169016068,0.000464220338032135,0.00232110169016068,0.00464220338032135,0.0232110169016068
"117",3,2019,"Dry Creek",9.34317796342115,0.57356451101773,0.5,0.000286782255508865,0.00057356451101773,0.00286782255508865,0.0057356451101773,0.0286782255508865
"118",3,2019,"Dry Creek",9.34317796342115,0.921362685285717,0.75,0.000460681342642859,0.000921362685285717,0.00460681342642859,0.00921362685285717,0.0460681342642859
"119",3,2019,"Dry Creek",9.34317796342115,1.47308808145563,0.9,0.000736544040727814,0.00147308808145563,0.00736544040727814,0.0147308808145563,0.0736544040727814
"120",3,2019,"Dry Creek",9.34317796342115,1.86527883319799,0.95,0.000932639416598996,0.00186527883319799,0.00932639416598996,0.0186527883319799,0.0932639416598996
"121",4,2016,"Elder",2.16398554120448,0.574782847828836,0.25,0.000287391423914418,0.000574782847828836,0.00287391423914418,0.00574782847828836,0.0287391423914418
"122",4,2016,"Elder",2.16398554120448,0.71016932272688,0.5,0.00035508466136344,0.00071016932272688,0.0035508466136344,0.0071016932272688,0.035508466136344
"123",4,2016,"Elder",2.16398554120448,1.1408019527466,0.75,0.000570400976373303,0.0011408019527466,0.00570400976373302,0.011408019527466,0.0570400976373302
"124",4,2016,"Elder",2.16398554120448,1.82393077854157,0.9,0.000911965389270784,0.00182393077854157,0.00911965389270784,0.0182393077854157,0.0911965389270784
"125",4,2016,"Elder",2.16398554120448,2.30952888510924,0.95,0.00115476444255462,0.00230952888510924,0.0115476444255462,0.0230952888510924,0.115476444255462
"126",4,2016,"Dry Creek",1.63853993206737,0.574782847828836,0.25,0.000287391423914418,0.000574782847828836,0.00287391423914418,0.00574782847828836,0.0287391423914418
"127",4,2016,"Dry Creek",1.63853993206737,0.71016932272688,0.5,0.00035508466136344,0.00071016932272688,0.0035508466136344,0.0071016932272688,0.035508466136344
"128",4,2016,"Dry Creek",1.63853993206737,1.1408019527466,0.75,0.000570400976373303,0.0011408019527466,0.00570400976373302,0.011408019527466,0.0570400976373302
"129",4,2016,"Dry Creek",1.63853993206737,1.82393077854157,0.9,0.000911965389270784,0.00182393077854157,0.00911965389270784,0.0182393077854157,0.0911965389270784
"130",4,2016,"Dry Creek",1.63853993206737,2.30952888510924,0.95,0.00115476444255462,0.00230952888510924,0.0115476444255462,0.0230952888510924,0.115476444255462
"131",4,2017,"Dry Creek",7.07303285911503,0.574782847828836,0.25,0.000287391423914418,0.000574782847828836,0.00287391423914418,0.00574782847828836,0.0287391423914418
"132",4,2017,"Dry Creek",7.07303285911503,0.71016932272688,0.5,0.00035508466136344,0.00071016932272688,0.0035508466136344,0.0071016932272688,0.035508466136344
"133",4,2017,"Dry Creek",7.07303285911503,1.1408019527466,0.75,0.000570400976373303,0.0011408019527466,0.00570400976373302,0.011408019527466,0.0570400976373302
"134",4,2017,"Dry Creek",7.07303285911503,1.82393077854157,0.9,0.000911965389270784,0.00182393077854157,0.00911965389270784,0.0182393077854157,0.0911965389270784
"135",4,2017,"Dry Creek",7.07303285911503,2.30952888510924,0.95,0.00115476444255462,0.00230952888510924,0.0115476444255462,0.0230952888510924,0.115476444255462
"136",4,2018,"Dry Creek",9.06147159436924,0.574782847828836,0.25,0.000287391423914418,0.000574782847828836,0.00287391423914418,0.00574782847828836,0.0287391423914418
"137",4,2018,"Dry Creek",9.06147159436924,0.71016932272688,0.5,0.00035508466136344,0.00071016932272688,0.0035508466136344,0.0071016932272688,0.035508466136344
"138",4,2018,"Dry Creek",9.06147159436924,1.1408019527466,0.75,0.000570400976373303,0.0011408019527466,0.00570400976373302,0.011408019527466,0.0570400976373302
"139",4,2018,"Dry Creek",9.06147159436924,1.82393077854157,0.9,0.000911965389270784,0.00182393077854157,0.00911965389270784,0.0182393077854157,0.0911965389270784
"140",4,2018,"Dry Creek",9.06147159436924,2.30952888510924,0.95,0.00115476444255462,0.00230952888510924,0.0115476444255462,0.0230952888510924,0.115476444255462
"141",4,2019,"Dry Creek",3.70564730341702,0.574782847828836,0.25,0.000287391423914418,0.000574782847828836,0.00287391423914418,0.00574782847828836,0.0287391423914418
"142",4,2019,"Dry Creek",3.70564730341702,0.71016932272688,0.5,0.00035508466136344,0.00071016932272688,0.0035508466136344,0.0071016932272688,0.035508466136344
"143",4,2019,"Dry Creek",3.70564730341702,1.1408019527466,0.75,0.000570400976373303,0.0011408019527466,0.00570400976373302,0.011408019527466,0.0570400976373302
"144",4,2019,"Dry Creek",3.70564730341702,1.82393077854157,0.9,0.000911965389270784,0.00182393077854157,0.00911965389270784,0.0182393077854157,0.0911965389270784
"145",4,2019,"Dry Creek",3.70564730341702,2.30952888510924,0.95,0.00115476444255462,0.00230952888510924,0.0115476444255462,0.0230952888510924,0.115476444255462
"146",4,2019,"Elder",6.04529472905127,0.574782847828836,0.25,0.000287391423914418,0.000574782847828836,0.00287391423914418,0.00574782847828836,0.0287391423914418
"147",4,2019,"Elder",6.04529472905127,0.71016932272688,0.5,0.00035508466136344,0.00071016932272688,0.0035508466136344,0.0071016932272688,0.035508466136344
"148",4,2019,"Elder",6.04529472905127,1.1408019527466,0.75,0.000570400976373303,0.0011408019527466,0.00570400976373302,0.011408019527466,0.0570400976373302
"149",4,2019,"Elder",6.04529472905127,1.82393077854157,0.9,0.000911965389270784,0.00182393077854157,0.00911965389270784,0.0182393077854157,0.0911965389270784
"150",4,2019,"Elder",6.04529472905127,2.30952888510924,0.95,0.00115476444255462,0.00230952888510924,0.0115476444255462,0.0230952888510924,0.115476444255462
"151",4,2017,"Elder",6.24937091978786,0.574782847828836,0.25,0.000287391423914418,0.000574782847828836,0.00287391423914418,0.00574782847828836,0.0287391423914418
"152",4,2017,"Elder",6.24937091978786,0.71016932272688,0.5,0.00035508466136344,0.00071016932272688,0.0035508466136344,0.0071016932272688,0.035508466136344
"153",4,2017,"Elder",6.24937091978786,1.1408019527466,0.75,0.000570400976373303,0.0011408019527466,0.00570400976373302,0.011408019527466,0.0570400976373302
"154",4,2017,"Elder",6.24937091978786,1.82393077854157,0.9,0.000911965389270784,0.00182393077854157,0.00911965389270784,0.0182393077854157,0.0911965389270784
"155",4,2017,"Elder",6.24937091978786,2.30952888510924,0.95,0.00115476444255462,0.00230952888510924,0.0115476444255462,0.0230952888510924,0.115476444255462
"156",4,2018,"Elder",6.7655259459281,0.574782847828836,0.25,0.000287391423914418,0.000574782847828836,0.00287391423914418,0.00574782847828836,0.0287391423914418
"157",4,2018,"Elder",6.7655259459281,0.71016932272688,0.5,0.00035508466136344,0.00071016932272688,0.0035508466136344,0.0071016932272688,0.035508466136344
"158",4,2018,"Elder",6.7655259459281,1.1408019527466,0.75,0.000570400976373303,0.0011408019527466,0.00570400976373302,0.011408019527466,0.0570400976373302
"159",4,2018,"Elder",6.7655259459281,1.82393077854157,0.9,0.000911965389270784,0.00182393077854157,0.00911965389270784,0.0182393077854157,0.0911965389270784
"160",4,2018,"Elder",6.7655259459281,2.30952888510924,0.95,0.00115476444255462,0.00230952888510924,0.0115476444255462,0.0230952888510924,0.115476444255462
"161",5,2017,"Dry Creek",0.109377707142657,0.851194972093422,0.25,0.000425597486046711,0.000851194972093422,0.00425597486046711,0.00851194972093422,0.0425597486046711
"162",5,2017,"Dry Creek",0.109377707142657,1.05168857964969,0.5,0.000525844289824843,0.00105168857964969,0.00525844289824843,0.0105168857964969,0.0525844289824843
"163",5,2017,"Dry Creek",0.109377707142657,1.6894117317527,0.75,0.000844705865876352,0.0016894117317527,0.00844705865876352,0.016894117317527,0.0844705865876352
"164",5,2017,"Dry Creek",0.109377707142657,2.70105608405932,0.9,0.00135052804202966,0.00270105608405932,0.0135052804202966,0.0270105608405932,0.135052804202966
"165",5,2017,"Dry Creek",0.109377707142657,3.42017751979774,0.95,0.00171008875989887,0.00342017751979774,0.0171008875989887,0.0342017751979774,0.171008875989887
"166",5,2016,"Dry Creek",0.538173793162581,0.851194972093422,0.25,0.000425597486046711,0.000851194972093422,0.00425597486046711,0.00851194972093422,0.0425597486046711
"167",5,2016,"Dry Creek",0.538173793162581,1.05168857964969,0.5,0.000525844289824843,0.00105168857964969,0.00525844289824843,0.0105168857964969,0.0525844289824843
"168",5,2016,"Dry Creek",0.538173793162581,1.6894117317527,0.75,0.000844705865876352,0.0016894117317527,0.00844705865876352,0.016894117317527,0.0844705865876352
"169",5,2016,"Dry Creek",0.538173793162581,2.70105608405932,0.9,0.00135052804202966,0.00270105608405932,0.0135052804202966,0.0270105608405932,0.135052804202966
"170",5,2016,"Dry Creek",0.538173793162581,3.42017751979774,0.95,0.00171008875989887,0.00342017751979774,0.0171008875989887,0.0342017751979774,0.171008875989887
"171",5,2016,"Elder",0.866774088351739,0.851194972093422,0.25,0.000425597486046711,0.000851194972093422,0.00425597486046711,0.00851194972093422,0.0425597486046711
"172",5,2016,"Elder",0.866774088351739,1.05168857964969,0.5,0.000525844289824843,0.00105168857964969,0.00525844289824843,0.0105168857964969,0.0525844289824843
"173",5,2016,"Elder",0.866774088351739,1.6894117317527,0.75,0.000844705865876352,0.0016894117317527,0.00844705865876352,0.016894117317527,0.0844705865876352
"174",5,2016,"Elder",0.866774088351739,2.70105608405932,0.9,0.00135052804202966,0.00270105608405932,0.0135052804202966,0.0270105608405932,0.135052804202966
"175",5,2016,"Elder",0.866774088351739,3.42017751979774,0.95,0.00171008875989887,0.00342017751979774,0.0171008875989887,0.0342017751979774,0.171008875989887
"176",5,2017,"Elder",1.99024946648773,0.851194972093422,0.25,0.000425597486046711,0.000851194972093422,0.00425597486046711,0.00851194972093422,0.0425597486046711
"177",5,2017,"Elder",1.99024946648773,1.05168857964969,0.5,0.000525844289824843,0.00105168857964969,0.00525844289824843,0.0105168857964969,0.0525844289824843
"178",5,2017,"Elder",1.99024946648773,1.6894117317527,0.75,0.000844705865876352,0.0016894117317527,0.00844705865876352,0.016894117317527,0.0844705865876352
"179",5,2017,"Elder",1.99024946648773,2.70105608405932,0.9,0.00135052804202966,0.00270105608405932,0.0135052804202966,0.0270105608405932,0.135052804202966
"180",5,2017,"Elder",1.99024946648773,3.42017751979774,0.95,0.00171008875989887,0.00342017751979774,0.0171008875989887,0.0342017751979774,0.171008875989887
"181",5,2018,"Elder",1.22916254428194,0.851194972093422,0.25,0.000425597486046711,0.000851194972093422,0.00425597486046711,0.00851194972093422,0.0425597486046711
"182",5,2018,"Elder",1.22916254428194,1.05168857964969,0.5,0.000525844289824843,0.00105168857964969,0.00525844289824843,0.0105168857964969,0.0525844289824843
"183",5,2018,"Elder",1.22916254428194,1.6894117317527,0.75,0.000844705865876352,0.0016894117317527,0.00844705865876352,0.016894117317527,0.0844705865876352
"184",5,2018,"Elder",1.22916254428194,2.70105608405932,0.9,0.00135052804202966,0.00270105608405932,0.0135052804202966,0.0270105608405932,0.135052804202966
"185",5,2018,"Elder",1.22916254428194,3.42017751979774,0.95,0.00171008875989887,0.00342017751979774,0.0171008875989887,0.0342017751979774,0.171008875989887
"186",5,2019,"Elder",4.41775764972419,0.851194972093422,0.25,0.000425597486046711,0.000851194972093422,0.00425597486046711,0.00851194972093422,0.0425597486046711
"187",5,2019,"Elder",4.41775764972419,1.05168857964969,0.5,0.000525844289824843,0.00105168857964969,0.00525844289824843,0.0105168857964969,0.0525844289824843
"188",5,2019,"Elder",4.41775764972419,1.6894117317527,0.75,0.000844705865876352,0.0016894117317527,0.00844705865876352,0.016894117317527,0.0844705865876352
"189",5,2019,"Elder",4.41775764972419,2.70105608405932,0.9,0.00135052804202966,0.00270105608405932,0.0135052804202966,0.0270105608405932,0.135052804202966
"190",5,2019,"Elder",4.41775764972419,3.42017751979774,0.95,0.00171008875989887,0.00342017751979774,0.0171008875989887,0.0342017751979774,0.171008875989887
"191",5,2018,"Dry Creek",0.143650848457046,0.851194972093422,0.25,0.000425597486046711,0.000851194972093422,0.00425597486046711,0.00851194972093422,0.0425597486046711
"192",5,2018,"Dry Creek",0.143650848457046,1.05168857964969,0.5,0.000525844289824843,0.00105168857964969,0.00525844289824843,0.0105168857964969,0.0525844289824843
"193",5,2018,"Dry Creek",0.143650848457046,1.6894117317527,0.75,0.000844705865876352,0.0016894117317527,0.00844705865876352,0.016894117317527,0.0844705865876352
"194",5,2018,"Dry Creek",0.143650848457046,2.70105608405932,0.9,0.00135052804202966,0.00270105608405932,0.0135052804202966,0.0270105608405932,0.135052804202966
"195",5,2018,"Dry Creek",0.143650848457046,3.42017751979774,0.95,0.00171008875989887,0.00342017751979774,0.0171008875989887,0.0342017751979774,0.171008875989887
"196",5,2019,"Dry Creek",6.60199079234595,0.851194972093422,0.25,0.000425597486046711,0.000851194972093422,0.00425597486046711,0.00851194972093422,0.0425597486046711
"197",5,2019,"Dry Creek",6.60199079234595,1.05168857964969,0.5,0.000525844289824843,0.00105168857964969,0.00525844289824843,0.0105168857964969,0.0525844289824843
"198",5,2019,"Dry Creek",6.60199079234595,1.6894117317527,0.75,0.000844705865876352,0.0016894117317527,0.00844705865876352,0.016894117317527,0.0844705865876352
"199",5,2019,"Dry Creek",6.60199079234595,2.70105608405932,0.9,0.00135052804202966,0.00270105608405932,0.0135052804202966,0.0270105608405932,0.135052804202966
"200",5,2019,"Dry Creek",6.60199079234595,3.42017751979774,0.95,0.00171008875989887,0.00342017751979774,0.0171008875989887,0.0342017751979774,0.171008875989887
"201",6,2016,"Elder",0.455370687189157,1.77457007883325,0.25,0.000887285039416627,0.00177457007883325,0.00887285039416627,0.0177457007883325,0.0887285039416627
"202",6,2016,"Elder",0.455370687189157,2.1925588694527,0.5,0.00109627943472635,0.0021925588694527,0.0109627943472635,0.021925588694527,0.109627943472635
"203",6,2016,"Elder",0.455370687189157,3.52208319866484,0.75,0.00176104159933242,0.00352208319866484,0.0176104159933242,0.0352208319866484,0.176104159933242
"204",6,2016,"Elder",0.455370687189157,5.63115791935872,0.9,0.00281557895967936,0.00563115791935872,0.0281557895967936,0.0563115791935872,0.281557895967936
"205",6,2016,"Elder",0.455370687189157,7.13038127563689,0.95,0.00356519063781844,0.00713038127563689,0.0356519063781844,0.0713038127563689,0.356519063781844
"206",6,2017,"Elder",0.735137333911608,1.77457007883325,0.25,0.000887285039416627,0.00177457007883325,0.00887285039416627,0.0177457007883325,0.0887285039416627
"207",6,2017,"Elder",0.735137333911608,2.1925588694527,0.5,0.00109627943472635,0.0021925588694527,0.0109627943472635,0.021925588694527,0.109627943472635
"208",6,2017,"Elder",0.735137333911608,3.52208319866484,0.75,0.00176104159933242,0.00352208319866484,0.0176104159933242,0.0352208319866484,0.176104159933242
"209",6,2017,"Elder",0.735137333911608,5.63115791935872,0.9,0.00281557895967936,0.00563115791935872,0.0281557895967936,0.0563115791935872,0.281557895967936
"210",6,2017,"Elder",0.735137333911608,7.13038127563689,0.95,0.00356519063781844,0.00713038127563689,0.0356519063781844,0.0713038127563689,0.356519063781844
"211",6,2016,"Dry Creek",0.0506181951454394,1.77457007883325,0.25,0.000887285039416627,0.00177457007883325,0.00887285039416627,0.0177457007883325,0.0887285039416627
"212",6,2016,"Dry Creek",0.0506181951454394,2.1925588694527,0.5,0.00109627943472635,0.0021925588694527,0.0109627943472635,0.021925588694527,0.109627943472635
"213",6,2016,"Dry Creek",0.0506181951454394,3.52208319866484,0.75,0.00176104159933242,0.00352208319866484,0.0176104159933242,0.0352208319866484,0.176104159933242
"214",6,2016,"Dry Creek",0.0506181951454394,5.63115791935872,0.9,0.00281557895967936,0.00563115791935872,0.0281557895967936,0.0563115791935872,0.281557895967936
"215",6,2016,"Dry Creek",0.0506181951454394,7.13038127563689,0.95,0.00356519063781844,0.00713038127563689,0.0356519063781844,0.0713038127563689,0.356519063781844
"216",6,2017,"Dry Creek",0.0123046652294476,1.77457007883325,0.25,0.000887285039416627,0.00177457007883325,0.00887285039416627,0.0177457007883325,0.0887285039416627
"217",6,2017,"Dry Creek",0.0123046652294476,2.1925588694527,0.5,0.00109627943472635,0.0021925588694527,0.0109627943472635,0.021925588694527,0.109627943472635
"218",6,2017,"Dry Creek",0.0123046652294476,3.52208319866484,0.75,0.00176104159933242,0.00352208319866484,0.0176104159933242,0.0352208319866484,0.176104159933242
"219",6,2017,"Dry Creek",0.0123046652294476,5.63115791935872,0.9,0.00281557895967936,0.00563115791935872,0.0281557895967936,0.0563115791935872,0.281557895967936
"220",6,2017,"Dry Creek",0.0123046652294476,7.13038127563689,0.95,0.00356519063781844,0.00713038127563689,0.0356519063781844,0.0713038127563689,0.356519063781844
"221",6,2018,"Elder",0.504745041065409,1.77457007883325,0.25,0.000887285039416627,0.00177457007883325,0.00887285039416627,0.0177457007883325,0.0887285039416627
"222",6,2018,"Elder",0.504745041065409,2.1925588694527,0.5,0.00109627943472635,0.0021925588694527,0.0109627943472635,0.021925588694527,0.109627943472635
"223",6,2018,"Elder",0.504745041065409,3.52208319866484,0.75,0.00176104159933242,0.00352208319866484,0.0176104159933242,0.0352208319866484,0.176104159933242
"224",6,2018,"Elder",0.504745041065409,5.63115791935872,0.9,0.00281557895967936,0.00563115791935872,0.0281557895967936,0.0563115791935872,0.281557895967936
"225",6,2018,"Elder",0.504745041065409,7.13038127563689,0.95,0.00356519063781844,0.00713038127563689,0.0356519063781844,0.0713038127563689,0.356519063781844
"226",6,2019,"Elder",1.65653079763347,1.77457007883325,0.25,0.000887285039416627,0.00177457007883325,0.00887285039416627,0.0177457007883325,0.0887285039416627
"227",6,2019,"Elder",1.65653079763347,2.1925588694527,0.5,0.00109627943472635,0.0021925588694527,0.0109627943472635,0.021925588694527,0.109627943472635
"228",6,2019,"Elder",1.65653079763347,3.52208319866484,0.75,0.00176104159933242,0.00352208319866484,0.0176104159933242,0.0352208319866484,0.176104159933242
"229",6,2019,"Elder",1.65653079763347,5.63115791935872,0.9,0.00281557895967936,0.00563115791935872,0.0281557895967936,0.0563115791935872,0.281557895967936
"230",6,2019,"Elder",1.65653079763347,7.13038127563689,0.95,0.00356519063781844,0.00713038127563689,0.0356519063781844,0.0713038127563689,0.356519063781844
"231",6,2018,"Dry Creek",0.0110654676926646,1.77457007883325,0.25,0.000887285039416627,0.00177457007883325,0.00887285039416627,0.0177457007883325,0.0887285039416627
"232",6,2018,"Dry Creek",0.0110654676926646,2.1925588694527,0.5,0.00109627943472635,0.0021925588694527,0.0109627943472635,0.021925588694527,0.109627943472635
"233",6,2018,"Dry Creek",0.0110654676926646,3.52208319866484,0.75,0.00176104159933242,0.00352208319866484,0.0176104159933242,0.0352208319866484,0.176104159933242
"234",6,2018,"Dry Creek",0.0110654676926646,5.63115791935872,0.9,0.00281557895967936,0.00563115791935872,0.0281557895967936,0.0563115791935872,0.281557895967936
"235",6,2018,"Dry Creek",0.0110654676926646,7.13038127563689,0.95,0.00356519063781844,0.00713038127563689,0.0356519063781844,0.0713038127563689,0.356519063781844
"236",6,2019,"Dry Creek",0.0244573853429392,1.77457007883325,0.25,0.000887285039416627,0.00177457007883325,0.00887285039416627,0.0177457007883325,0.0887285039416627
"237",6,2019,"Dry Creek",0.0244573853429392,2.1925588694527,0.5,0.00109627943472635,0.0021925588694527,0.0109627943472635,0.021925588694527,0.109627943472635
"238",6,2019,"Dry Creek",0.0244573853429392,3.52208319866484,0.75,0.00176104159933242,0.00352208319866484,0.0176104159933242,0.0352208319866484,0.176104159933242
"239",6,2019,"Dry Creek",0.0244573853429392,5.63115791935872,0.9,0.00281557895967936,0.00563115791935872,0.0281557895967936,0.0563115791935872,0.281557895967936
"240",6,2019,"Dry Creek",0.0244573853429392,7.13038127563689,0.95,0.00356519063781844,0.00713038127563689,0.0356519063781844,0.0713038127563689,0.356519063781844
"241",7,2016,"Elder",0.227808594098884,2.29407516304944,0.25,0.00114703758152472,0.00229407516304944,0.0114703758152472,0.0229407516304944,0.114703758152472
"242",7,2016,"Elder",0.227808594098884,2.83443009996103,0.5,0.00141721504998052,0.00283443009996103,0.0141721504998052,0.0283443009996103,0.141721504998052
"243",7,2016,"Elder",0.227808594098884,4.55317244702059,0.75,0.00227658622351029,0.00455317244702059,0.022765862235103,0.0455317244702059,0.22765862235103
"244",7,2016,"Elder",0.227808594098884,7.27967842808637,0.9,0.00363983921404319,0.00727967842808637,0.0363983921404319,0.0727967842808638,0.363983921404319
"245",7,2016,"Elder",0.227808594098884,9.21779916308865,0.95,0.00460889958154433,0.00921779916308866,0.0460889958154433,0.0921779916308866,0.460889958154433
"246",7,2017,"Elder",0.337984422035893,2.29407516304944,0.25,0.00114703758152472,0.00229407516304944,0.0114703758152472,0.0229407516304944,0.114703758152472
"247",7,2017,"Elder",0.337984422035893,2.83443009996103,0.5,0.00141721504998052,0.00283443009996103,0.0141721504998052,0.0283443009996103,0.141721504998052
"248",7,2017,"Elder",0.337984422035893,4.55317244702059,0.75,0.00227658622351029,0.00455317244702059,0.022765862235103,0.0455317244702059,0.22765862235103
"249",7,2017,"Elder",0.337984422035893,7.27967842808637,0.9,0.00363983921404319,0.00727967842808637,0.0363983921404319,0.0727967842808638,0.363983921404319
"250",7,2017,"Elder",0.337984422035893,9.21779916308865,0.95,0.00460889958154433,0.00921779916308866,0.0460889958154433,0.0921779916308866,0.460889958154433
"251",7,2016,"Dry Creek",7.53835649218367e-06,2.29407516304944,0.25,0.00114703758152472,0.00229407516304944,0.0114703758152472,0.0229407516304944,0.114703758152472
"252",7,2016,"Dry Creek",7.53835649218367e-06,2.83443009996103,0.5,0.00141721504998052,0.00283443009996103,0.0141721504998052,0.0283443009996103,0.141721504998052
"253",7,2016,"Dry Creek",7.53835649218367e-06,4.55317244702059,0.75,0.00227658622351029,0.00455317244702059,0.022765862235103,0.0455317244702059,0.22765862235103
"254",7,2016,"Dry Creek",7.53835649218367e-06,7.27967842808637,0.9,0.00363983921404319,0.00727967842808637,0.0363983921404319,0.0727967842808638,0.363983921404319
"255",7,2016,"Dry Creek",7.53835649218367e-06,9.21779916308865,0.95,0.00460889958154433,0.00921779916308866,0.0460889958154433,0.0921779916308866,0.460889958154433
"256",7,2017,"Dry Creek",8.61408516925845e-05,2.29407516304944,0.25,0.00114703758152472,0.00229407516304944,0.0114703758152472,0.0229407516304944,0.114703758152472
"257",7,2017,"Dry Creek",8.61408516925845e-05,2.83443009996103,0.5,0.00141721504998052,0.00283443009996103,0.0141721504998052,0.0283443009996103,0.141721504998052
"258",7,2017,"Dry Creek",8.61408516925845e-05,4.55317244702059,0.75,0.00227658622351029,0.00455317244702059,0.022765862235103,0.0455317244702059,0.22765862235103
"259",7,2017,"Dry Creek",8.61408516925845e-05,7.27967842808637,0.9,0.00363983921404319,0.00727967842808637,0.0363983921404319,0.0727967842808638,0.363983921404319
"260",7,2017,"Dry Creek",8.61408516925845e-05,9.21779916308865,0.95,0.00460889958154433,0.00921779916308866,0.0460889958154433,0.0921779916308866,0.460889958154433
"261",7,2018,"Dry Creek",0,2.29407516304944,0.25,0.00114703758152472,0.00229407516304944,0.0114703758152472,0.0229407516304944,0.114703758152472
"262",7,2018,"Dry Creek",0,2.83443009996103,0.5,0.00141721504998052,0.00283443009996103,0.0141721504998052,0.0283443009996103,0.141721504998052
"263",7,2018,"Dry Creek",0,4.55317244702059,0.75,0.00227658622351029,0.00455317244702059,0.022765862235103,0.0455317244702059,0.22765862235103
"264",7,2018,"Dry Creek",0,7.27967842808637,0.9,0.00363983921404319,0.00727967842808637,0.0363983921404319,0.0727967842808638,0.363983921404319
"265",7,2018,"Dry Creek",0,9.21779916308865,0.95,0.00460889958154433,0.00921779916308866,0.0460889958154433,0.0921779916308866,0.460889958154433
"266",7,2019,"Dry Creek",0.00194105206424356,2.29407516304944,0.25,0.00114703758152472,0.00229407516304944,0.0114703758152472,0.0229407516304944,0.114703758152472
"267",7,2019,"Dry Creek",0.00194105206424356,2.83443009996103,0.5,0.00141721504998052,0.00283443009996103,0.0141721504998052,0.0283443009996103,0.141721504998052
"268",7,2019,"Dry Creek",0.00194105206424356,4.55317244702059,0.75,0.00227658622351029,0.00455317244702059,0.022765862235103,0.0455317244702059,0.22765862235103
"269",7,2019,"Dry Creek",0.00194105206424356,7.27967842808637,0.9,0.00363983921404319,0.00727967842808637,0.0363983921404319,0.0727967842808638,0.363983921404319
"270",7,2019,"Dry Creek",0.00194105206424356,9.21779916308865,0.95,0.00460889958154433,0.00921779916308866,0.0460889958154433,0.0921779916308866,0.460889958154433
"271",7,2019,"Elder",0.573020359401694,2.29407516304944,0.25,0.00114703758152472,0.00229407516304944,0.0114703758152472,0.0229407516304944,0.114703758152472
"272",7,2019,"Elder",0.573020359401694,2.83443009996103,0.5,0.00141721504998052,0.00283443009996103,0.0141721504998052,0.0283443009996103,0.141721504998052
"273",7,2019,"Elder",0.573020359401694,4.55317244702059,0.75,0.00227658622351029,0.00455317244702059,0.022765862235103,0.0455317244702059,0.22765862235103
"274",7,2019,"Elder",0.573020359401694,7.27967842808637,0.9,0.00363983921404319,0.00727967842808637,0.0363983921404319,0.0727967842808638,0.363983921404319
"275",7,2019,"Elder",0.573020359401694,9.21779916308865,0.95,0.00460889958154433,0.00921779916308866,0.0460889958154433,0.0921779916308866,0.460889958154433
"276",7,2018,"Elder",0.242718312163781,2.29407516304944,0.25,0.00114703758152472,0.00229407516304944,0.0114703758152472,0.0229407516304944,0.114703758152472
"277",7,2018,"Elder",0.242718312163781,2.83443009996103,0.5,0.00141721504998052,0.00283443009996103,0.0141721504998052,0.0283443009996103,0.141721504998052
"278",7,2018,"Elder",0.242718312163781,4.55317244702059,0.75,0.00227658622351029,0.00455317244702059,0.022765862235103,0.0455317244702059,0.22765862235103
"279",7,2018,"Elder",0.242718312163781,7.27967842808637,0.9,0.00363983921404319,0.00727967842808637,0.0363983921404319,0.0727967842808638,0.363983921404319
"280",7,2018,"Elder",0.242718312163781,9.21779916308865,0.95,0.00460889958154433,0.00921779916308866,0.0460889958154433,0.0921779916308866,0.460889958154433
"281",8,2017,"Dry Creek",0,2.53928405980105,0.25,0.00126964202990052,0.00253928405980105,0.0126964202990052,0.0253928405980105,0.126964202990052
"282",8,2017,"Dry Creek",0,3.1373964059155,0.5,0.00156869820295775,0.0031373964059155,0.0156869820295775,0.031373964059155,0.156869820295775
"283",8,2017,"Dry Creek",0,5.03985152817572,0.75,0.00251992576408786,0.00503985152817572,0.0251992576408786,0.0503985152817572,0.251992576408786
"284",8,2017,"Dry Creek",0,8.05778803182087,0.9,0.00402889401591043,0.00805778803182087,0.0402889401591043,0.0805778803182087,0.402889401591043
"285",8,2017,"Dry Creek",0,10.2030704391415,0.95,0.00510153521957075,0.0102030704391415,0.0510153521957075,0.102030704391415,0.510153521957075
"286",8,2018,"Dry Creek",0,2.53928405980105,0.25,0.00126964202990052,0.00253928405980105,0.0126964202990052,0.0253928405980105,0.126964202990052
"287",8,2018,"Dry Creek",0,3.1373964059155,0.5,0.00156869820295775,0.0031373964059155,0.0156869820295775,0.031373964059155,0.156869820295775
"288",8,2018,"Dry Creek",0,5.03985152817572,0.75,0.00251992576408786,0.00503985152817572,0.0251992576408786,0.0503985152817572,0.251992576408786
"289",8,2018,"Dry Creek",0,8.05778803182087,0.9,0.00402889401591043,0.00805778803182087,0.0402889401591043,0.0805778803182087,0.402889401591043
"290",8,2018,"Dry Creek",0,10.2030704391415,0.95,0.00510153521957075,0.0102030704391415,0.0510153521957075,0.102030704391415,0.510153521957075
"291",8,2016,"Dry Creek",0,2.53928405980105,0.25,0.00126964202990052,0.00253928405980105,0.0126964202990052,0.0253928405980105,0.126964202990052
"292",8,2016,"Dry Creek",0,3.1373964059155,0.5,0.00156869820295775,0.0031373964059155,0.0156869820295775,0.031373964059155,0.156869820295775
"293",8,2016,"Dry Creek",0,5.03985152817572,0.75,0.00251992576408786,0.00503985152817572,0.0251992576408786,0.0503985152817572,0.251992576408786
"294",8,2016,"Dry Creek",0,8.05778803182087,0.9,0.00402889401591043,0.00805778803182087,0.0402889401591043,0.0805778803182087,0.402889401591043
"295",8,2016,"Dry Creek",0,10.2030704391415,0.95,0.00510153521957075,0.0102030704391415,0.0510153521957075,0.102030704391415,0.510153521957075
"296",8,2016,"Elder",0.125191580377543,2.53928405980105,0.25,0.00126964202990052,0.00253928405980105,0.0126964202990052,0.0253928405980105,0.126964202990052
"297",8,2016,"Elder",0.125191580377543,3.1373964059155,0.5,0.00156869820295775,0.0031373964059155,0.0156869820295775,0.031373964059155,0.156869820295775
"298",8,2016,"Elder",0.125191580377543,5.03985152817572,0.75,0.00251992576408786,0.00503985152817572,0.0251992576408786,0.0503985152817572,0.251992576408786
"299",8,2016,"Elder",0.125191580377543,8.05778803182087,0.9,0.00402889401591043,0.00805778803182087,0.0402889401591043,0.0805778803182087,0.402889401591043
"300",8,2016,"Elder",0.125191580377543,10.2030704391415,0.95,0.00510153521957075,0.0102030704391415,0.0510153521957075,0.102030704391415,0.510153521957075
"301",8,2017,"Elder",0.173759992734326,2.53928405980105,0.25,0.00126964202990052,0.00253928405980105,0.0126964202990052,0.0253928405980105,0.126964202990052
"302",8,2017,"Elder",0.173759992734326,3.1373964059155,0.5,0.00156869820295775,0.0031373964059155,0.0156869820295775,0.031373964059155,0.156869820295775
"303",8,2017,"Elder",0.173759992734326,5.03985152817572,0.75,0.00251992576408786,0.00503985152817572,0.0251992576408786,0.0503985152817572,0.251992576408786
"304",8,2017,"Elder",0.173759992734326,8.05778803182087,0.9,0.00402889401591043,0.00805778803182087,0.0402889401591043,0.0805778803182087,0.402889401591043
"305",8,2017,"Elder",0.173759992734326,10.2030704391415,0.95,0.00510153521957075,0.0102030704391415,0.0510153521957075,0.102030704391415,0.510153521957075
"306",8,2018,"Elder",0.122119005735358,2.53928405980105,0.25,0.00126964202990052,0.00253928405980105,0.0126964202990052,0.0253928405980105,0.126964202990052
"307",8,2018,"Elder",0.122119005735358,3.1373964059155,0.5,0.00156869820295775,0.0031373964059155,0.0156869820295775,0.031373964059155,0.156869820295775
"308",8,2018,"Elder",0.122119005735358,5.03985152817572,0.75,0.00251992576408786,0.00503985152817572,0.0251992576408786,0.0503985152817572,0.251992576408786
"309",8,2018,"Elder",0.122119005735358,8.05778803182087,0.9,0.00402889401591043,0.00805778803182087,0.0402889401591043,0.0805778803182087,0.402889401591043
"310",8,2018,"Elder",0.122119005735358,10.2030704391415,0.95,0.00510153521957075,0.0102030704391415,0.0510153521957075,0.102030704391415,0.510153521957075
"311",8,2019,"Elder",0.261090348031251,2.53928405980105,0.25,0.00126964202990052,0.00253928405980105,0.0126964202990052,0.0253928405980105,0.126964202990052
"312",8,2019,"Elder",0.261090348031251,3.1373964059155,0.5,0.00156869820295775,0.0031373964059155,0.0156869820295775,0.031373964059155,0.156869820295775
"313",8,2019,"Elder",0.261090348031251,5.03985152817572,0.75,0.00251992576408786,0.00503985152817572,0.0251992576408786,0.0503985152817572,0.251992576408786
"314",8,2019,"Elder",0.261090348031251,8.05778803182087,0.9,0.00402889401591043,0.00805778803182087,0.0402889401591043,0.0805778803182087,0.402889401591043
"315",8,2019,"Elder",0.261090348031251,10.2030704391415,0.95,0.00510153521957075,0.0102030704391415,0.0510153521957075,0.102030704391415,0.510153521957075
"316",9,2016,"Elder",0.0835967234805262,2.17921835842752,0.25,0.00108960917921376,0.00217921835842752,0.0108960917921376,0.0217921835842752,0.108960917921376
"317",9,2016,"Elder",0.0835967234805262,2.69251949936285,0.5,0.00134625974968142,0.00269251949936285,0.0134625974968142,0.0269251949936285,0.134625974968142
"318",9,2016,"Elder",0.0835967234805262,4.32521006523785,0.75,0.00216260503261893,0.00432521006523785,0.0216260503261893,0.0432521006523785,0.216260503261893
"319",9,2016,"Elder",0.0835967234805262,6.91520885167821,0.9,0.0034576044258391,0.00691520885167821,0.034576044258391,0.0691520885167821,0.34576044258391
"320",9,2016,"Elder",0.0835967234805262,8.75629425053311,0.95,0.00437814712526655,0.00875629425053311,0.0437814712526656,0.0875629425053311,0.437814712526655
"321",9,2017,"Elder",0.131136986361815,2.17921835842752,0.25,0.00108960917921376,0.00217921835842752,0.0108960917921376,0.0217921835842752,0.108960917921376
"322",9,2017,"Elder",0.131136986361815,2.69251949936285,0.5,0.00134625974968142,0.00269251949936285,0.0134625974968142,0.0269251949936285,0.134625974968142
"323",9,2017,"Elder",0.131136986361815,4.32521006523785,0.75,0.00216260503261893,0.00432521006523785,0.0216260503261893,0.0432521006523785,0.216260503261893
"324",9,2017,"Elder",0.131136986361815,6.91520885167821,0.9,0.0034576044258391,0.00691520885167821,0.034576044258391,0.0691520885167821,0.34576044258391
"325",9,2017,"Elder",0.131136986361815,8.75629425053311,0.95,0.00437814712526655,0.00875629425053311,0.0437814712526656,0.0875629425053311,0.437814712526655
"326",9,2018,"Elder",0.0961666561131407,2.17921835842752,0.25,0.00108960917921376,0.00217921835842752,0.0108960917921376,0.0217921835842752,0.108960917921376
"327",9,2018,"Elder",0.0961666561131407,2.69251949936285,0.5,0.00134625974968142,0.00269251949936285,0.0134625974968142,0.0269251949936285,0.134625974968142
"328",9,2018,"Elder",0.0961666561131407,4.32521006523785,0.75,0.00216260503261893,0.00432521006523785,0.0216260503261893,0.0432521006523785,0.216260503261893
"329",9,2018,"Elder",0.0961666561131407,6.91520885167821,0.9,0.0034576044258391,0.00691520885167821,0.034576044258391,0.0691520885167821,0.34576044258391
"330",9,2018,"Elder",0.0961666561131407,8.75629425053311,0.95,0.00437814712526655,0.00875629425053311,0.0437814712526656,0.0875629425053311,0.437814712526655
"331",9,2019,"Elder",0.209107752862879,2.17921835842752,0.25,0.00108960917921376,0.00217921835842752,0.0108960917921376,0.0217921835842752,0.108960917921376
"332",9,2019,"Elder",0.209107752862879,2.69251949936285,0.5,0.00134625974968142,0.00269251949936285,0.0134625974968142,0.0269251949936285,0.134625974968142
"333",9,2019,"Elder",0.209107752862879,4.32521006523785,0.75,0.00216260503261893,0.00432521006523785,0.0216260503261893,0.0432521006523785,0.216260503261893
"334",9,2019,"Elder",0.209107752862879,6.91520885167821,0.9,0.0034576044258391,0.00691520885167821,0.034576044258391,0.0691520885167821,0.34576044258391
"335",9,2019,"Elder",0.209107752862879,8.75629425053311,0.95,0.00437814712526655,0.00875629425053311,0.0437814712526656,0.0875629425053311,0.437814712526655
"336",9,2017,"Dry Creek",0,2.17921835842752,0.25,0.00108960917921376,0.00217921835842752,0.0108960917921376,0.0217921835842752,0.108960917921376
"337",9,2017,"Dry Creek",0,2.69251949936285,0.5,0.00134625974968142,0.00269251949936285,0.0134625974968142,0.0269251949936285,0.134625974968142
"338",9,2017,"Dry Creek",0,4.32521006523785,0.75,0.00216260503261893,0.00432521006523785,0.0216260503261893,0.0432521006523785,0.216260503261893
"339",9,2017,"Dry Creek",0,6.91520885167821,0.9,0.0034576044258391,0.00691520885167821,0.034576044258391,0.0691520885167821,0.34576044258391
"340",9,2017,"Dry Creek",0,8.75629425053311,0.95,0.00437814712526655,0.00875629425053311,0.0437814712526656,0.0875629425053311,0.437814712526655
"341",9,2018,"Dry Creek",0,2.17921835842752,0.25,0.00108960917921376,0.00217921835842752,0.0108960917921376,0.0217921835842752,0.108960917921376
"342",9,2018,"Dry Creek",0,2.69251949936285,0.5,0.00134625974968142,0.00269251949936285,0.0134625974968142,0.0269251949936285,0.134625974968142
"343",9,2018,"Dry Creek",0,4.32521006523785,0.75,0.00216260503261893,0.00432521006523785,0.0216260503261893,0.0432521006523785,0.216260503261893
"344",9,2018,"Dry Creek",0,6.91520885167821,0.9,0.0034576044258391,0.00691520885167821,0.034576044258391,0.0691520885167821,0.34576044258391
"345",9,2018,"Dry Creek",0,8.75629425053311,0.95,0.00437814712526655,0.00875629425053311,0.0437814712526656,0.0875629425053311,0.437814712526655
"346",9,2016,"Dry Creek",0,2.17921835842752,0.25,0.00108960917921376,0.00217921835842752,0.0108960917921376,0.0217921835842752,0.108960917921376
"347",9,2016,"Dry Creek",0,2.69251949936285,0.5,0.00134625974968142,0.00269251949936285,0.0134625974968142,0.0269251949936285,0.134625974968142
"348",9,2016,"Dry Creek",0,4.32521006523785,0.75,0.00216260503261893,0.00432521006523785,0.0216260503261893,0.0432521006523785,0.216260503261893
"349",9,2016,"Dry Creek",0,6.91520885167821,0.9,0.0034576044258391,0.00691520885167821,0.034576044258391,0.0691520885167821,0.34576044258391
"350",9,2016,"Dry Creek",0,8.75629425053311,0.95,0.00437814712526655,0.00875629425053311,0.0437814712526656,0.0875629425053311,0.437814712526655
"351",10,2018,"Elder",0.146762838487246,0.990964553395278,0.25,0.000495482276697639,0.000990964553395278,0.00495482276697639,0.00990964553395278,0.0495482276697639
"352",10,2018,"Elder",0.146762838487246,1.2243800043606,0.5,0.000612190002180301,0.0012243800043606,0.00612190002180301,0.012243800043606,0.0612190002180301
"353",10,2018,"Elder",0.146762838487246,1.96681982053968,0.75,0.00098340991026984,0.00196681982053968,0.0098340991026984,0.0196681982053968,0.098340991026984
"354",10,2018,"Elder",0.146762838487246,3.14458017703337,0.9,0.00157229008851669,0.00314458017703337,0.0157229008851669,0.0314458017703337,0.157229008851669
"355",10,2018,"Elder",0.146762838487246,3.98178419699,0.95,0.001990892098495,0.00398178419699,0.01990892098495,0.0398178419699,0.1990892098495
"356",10,2016,"Elder",1.6179215309276,0.990964553395278,0.25,0.000495482276697639,0.000990964553395278,0.00495482276697639,0.00990964553395278,0.0495482276697639
"357",10,2016,"Elder",1.6179215309276,1.2243800043606,0.5,0.000612190002180301,0.0012243800043606,0.00612190002180301,0.012243800043606,0.0612190002180301
"358",10,2016,"Elder",1.6179215309276,1.96681982053968,0.75,0.00098340991026984,0.00196681982053968,0.0098340991026984,0.0196681982053968,0.098340991026984
"359",10,2016,"Elder",1.6179215309276,3.14458017703337,0.9,0.00157229008851669,0.00314458017703337,0.0157229008851669,0.0314458017703337,0.157229008851669
"360",10,2016,"Elder",1.6179215309276,3.98178419699,0.95,0.001990892098495,0.00398178419699,0.01990892098495,0.0398178419699,0.1990892098495
"361",10,2017,"Elder",0.133504397227745,0.990964553395278,0.25,0.000495482276697639,0.000990964553395278,0.00495482276697639,0.00990964553395278,0.0495482276697639
"362",10,2017,"Elder",0.133504397227745,1.2243800043606,0.5,0.000612190002180301,0.0012243800043606,0.00612190002180301,0.012243800043606,0.0612190002180301
"363",10,2017,"Elder",0.133504397227745,1.96681982053968,0.75,0.00098340991026984,0.00196681982053968,0.0098340991026984,0.0196681982053968,0.098340991026984
"364",10,2017,"Elder",0.133504397227745,3.14458017703337,0.9,0.00157229008851669,0.00314458017703337,0.0157229008851669,0.0314458017703337,0.157229008851669
"365",10,2017,"Elder",0.133504397227745,3.98178419699,0.95,0.001990892098495,0.00398178419699,0.01990892098495,0.0398178419699,0.1990892098495
"366",10,2016,"Dry Creek",5.73823201189152,0.990964553395278,0.25,0.000495482276697639,0.000990964553395278,0.00495482276697639,0.00990964553395278,0.0495482276697639
"367",10,2016,"Dry Creek",5.73823201189152,1.2243800043606,0.5,0.000612190002180301,0.0012243800043606,0.00612190002180301,0.012243800043606,0.0612190002180301
"368",10,2016,"Dry Creek",5.73823201189152,1.96681982053968,0.75,0.00098340991026984,0.00196681982053968,0.0098340991026984,0.0196681982053968,0.098340991026984
"369",10,2016,"Dry Creek",5.73823201189152,3.14458017703337,0.9,0.00157229008851669,0.00314458017703337,0.0157229008851669,0.0314458017703337,0.157229008851669
"370",10,2016,"Dry Creek",5.73823201189152,3.98178419699,0.95,0.001990892098495,0.00398178419699,0.01990892098495,0.0398178419699,0.1990892098495
"371",10,2017,"Dry Creek",0,0.990964553395278,0.25,0.000495482276697639,0.000990964553395278,0.00495482276697639,0.00990964553395278,0.0495482276697639
"372",10,2017,"Dry Creek",0,1.2243800043606,0.5,0.000612190002180301,0.0012243800043606,0.00612190002180301,0.012243800043606,0.0612190002180301
"373",10,2017,"Dry Creek",0,1.96681982053968,0.75,0.00098340991026984,0.00196681982053968,0.0098340991026984,0.0196681982053968,0.098340991026984
"374",10,2017,"Dry Creek",0,3.14458017703337,0.9,0.00157229008851669,0.00314458017703337,0.0157229008851669,0.0314458017703337,0.157229008851669
"375",10,2017,"Dry Creek",0,3.98178419699,0.95,0.001990892098495,0.00398178419699,0.01990892098495,0.0398178419699,0.1990892098495
"376",10,2018,"Dry Creek",0,0.990964553395278,0.25,0.000495482276697639,0.000990964553395278,0.00495482276697639,0.00990964553395278,0.0495482276697639
"377",10,2018,"Dry Creek",0,1.2243800043606,0.5,0.000612190002180301,0.0012243800043606,0.00612190002180301,0.012243800043606,0.0612190002180301
"378",10,2018,"Dry Creek",0,1.96681982053968,0.75,0.00098340991026984,0.00196681982053968,0.0098340991026984,0.0196681982053968,0.098340991026984
"379",10,2018,"Dry Creek",0,3.14458017703337,0.9,0.00157229008851669,0.00314458017703337,0.0157229008851669,0.0314458017703337,0.157229008851669
"380",10,2018,"Dry Creek",0,3.98178419699,0.95,0.001990892098495,0.00398178419699,0.01990892098495,0.0398178419699,0.1990892098495
"381",10,2019,"Elder",0.199713849626293,0.990964553395278,0.25,0.000495482276697639,0.000990964553395278,0.00495482276697639,0.00990964553395278,0.0495482276697639
"382",10,2019,"Elder",0.199713849626293,1.2243800043606,0.5,0.000612190002180301,0.0012243800043606,0.00612190002180301,0.012243800043606,0.0612190002180301
"383",10,2019,"Elder",0.199713849626293,1.96681982053968,0.75,0.00098340991026984,0.00196681982053968,0.0098340991026984,0.0196681982053968,0.098340991026984
"384",10,2019,"Elder",0.199713849626293,3.14458017703337,0.9,0.00157229008851669,0.00314458017703337,0.0157229008851669,0.0314458017703337,0.157229008851669
"385",10,2019,"Elder",0.199713849626293,3.98178419699,0.95,0.001990892098495,0.00398178419699,0.01990892098495,0.0398178419699,0.1990892098495
"386",11,2016,"Dry Creek",8.58094850363553,0.27036972737238,0.25,0.00013518486368619,0.00027036972737238,0.0013518486368619,0.0027036972737238,0.013518486368619
"387",11,2016,"Dry Creek",8.58094850363553,0.334053611549439,0.5,0.00016702680577472,0.000334053611549439,0.0016702680577472,0.00334053611549439,0.016702680577472
"388",11,2016,"Dry Creek",8.58094850363553,0.536617113950186,0.75,0.000268308556975093,0.000536617113950186,0.00268308556975093,0.00536617113950186,0.0268308556975093
"389",11,2016,"Dry Creek",8.58094850363553,0.857951257945728,0.9,0.000428975628972864,0.000857951257945728,0.00428975628972864,0.00857951257945729,0.0428975628972864
"390",11,2016,"Dry Creek",8.58094850363553,1.08636974360719,0.95,0.000543184871803595,0.00108636974360719,0.00543184871803595,0.0108636974360719,0.0543184871803595
"391",11,2017,"Dry Creek",5.43052191031088,0.27036972737238,0.25,0.00013518486368619,0.00027036972737238,0.0013518486368619,0.0027036972737238,0.013518486368619
"392",11,2017,"Dry Creek",5.43052191031088,0.334053611549439,0.5,0.00016702680577472,0.000334053611549439,0.0016702680577472,0.00334053611549439,0.016702680577472
"393",11,2017,"Dry Creek",5.43052191031088,0.536617113950186,0.75,0.000268308556975093,0.000536617113950186,0.00268308556975093,0.00536617113950186,0.0268308556975093
"394",11,2017,"Dry Creek",5.43052191031088,0.857951257945728,0.9,0.000428975628972864,0.000857951257945728,0.00428975628972864,0.00857951257945729,0.0428975628972864
"395",11,2017,"Dry Creek",5.43052191031088,1.08636974360719,0.95,0.000543184871803595,0.00108636974360719,0.00543184871803595,0.0108636974360719,0.0543184871803595
"396",11,2018,"Dry Creek",3.14974320190516,0.27036972737238,0.25,0.00013518486368619,0.00027036972737238,0.0013518486368619,0.0027036972737238,0.013518486368619
"397",11,2018,"Dry Creek",3.14974320190516,0.334053611549439,0.5,0.00016702680577472,0.000334053611549439,0.0016702680577472,0.00334053611549439,0.016702680577472
"398",11,2018,"Dry Creek",3.14974320190516,0.536617113950186,0.75,0.000268308556975093,0.000536617113950186,0.00268308556975093,0.00536617113950186,0.0268308556975093
"399",11,2018,"Dry Creek",3.14974320190516,0.857951257945728,0.9,0.000428975628972864,0.000857951257945728,0.00428975628972864,0.00857951257945729,0.0428975628972864
"400",11,2018,"Dry Creek",3.14974320190516,1.08636974360719,0.95,0.000543184871803595,0.00108636974360719,0.00543184871803595,0.0108636974360719,0.0543184871803595
"401",11,2016,"Elder",5.05290185352977,0.27036972737238,0.25,0.00013518486368619,0.00027036972737238,0.0013518486368619,0.0027036972737238,0.013518486368619
"402",11,2016,"Elder",5.05290185352977,0.334053611549439,0.5,0.00016702680577472,0.000334053611549439,0.0016702680577472,0.00334053611549439,0.016702680577472
"403",11,2016,"Elder",5.05290185352977,0.536617113950186,0.75,0.000268308556975093,0.000536617113950186,0.00268308556975093,0.00536617113950186,0.0268308556975093
"404",11,2016,"Elder",5.05290185352977,0.857951257945728,0.9,0.000428975628972864,0.000857951257945728,0.00428975628972864,0.00857951257945729,0.0428975628972864
"405",11,2016,"Elder",5.05290185352977,1.08636974360719,0.95,0.000543184871803595,0.00108636974360719,0.00543184871803595,0.0108636974360719,0.0543184871803595
"406",11,2017,"Elder",2.21540731485681,0.27036972737238,0.25,0.00013518486368619,0.00027036972737238,0.0013518486368619,0.0027036972737238,0.013518486368619
"407",11,2017,"Elder",2.21540731485681,0.334053611549439,0.5,0.00016702680577472,0.000334053611549439,0.0016702680577472,0.00334053611549439,0.016702680577472
"408",11,2017,"Elder",2.21540731485681,0.536617113950186,0.75,0.000268308556975093,0.000536617113950186,0.00268308556975093,0.00536617113950186,0.0268308556975093
"409",11,2017,"Elder",2.21540731485681,0.857951257945728,0.9,0.000428975628972864,0.000857951257945728,0.00428975628972864,0.00857951257945729,0.0428975628972864
"410",11,2017,"Elder",2.21540731485681,1.08636974360719,0.95,0.000543184871803595,0.00108636974360719,0.00543184871803595,0.0108636974360719,0.0543184871803595
"411",11,2018,"Elder",0.700455845034766,0.27036972737238,0.25,0.00013518486368619,0.00027036972737238,0.0013518486368619,0.0027036972737238,0.013518486368619
"412",11,2018,"Elder",0.700455845034766,0.334053611549439,0.5,0.00016702680577472,0.000334053611549439,0.0016702680577472,0.00334053611549439,0.016702680577472
"413",11,2018,"Elder",0.700455845034766,0.536617113950186,0.75,0.000268308556975093,0.000536617113950186,0.00268308556975093,0.00536617113950186,0.0268308556975093
"414",11,2018,"Elder",0.700455845034766,0.857951257945728,0.9,0.000428975628972864,0.000857951257945728,0.00428975628972864,0.00857951257945729,0.0428975628972864
"415",11,2018,"Elder",0.700455845034766,1.08636974360719,0.95,0.000543184871803595,0.00108636974360719,0.00543184871803595,0.0108636974360719,0.0543184871803595
"416",11,2019,"Elder",0.215054165232764,0.27036972737238,0.25,0.00013518486368619,0.00027036972737238,0.0013518486368619,0.0027036972737238,0.013518486368619
"417",11,2019,"Elder",0.215054165232764,0.334053611549439,0.5,0.00016702680577472,0.000334053611549439,0.0016702680577472,0.00334053611549439,0.016702680577472
"418",11,2019,"Elder",0.215054165232764,0.536617113950186,0.75,0.000268308556975093,0.000536617113950186,0.00268308556975093,0.00536617113950186,0.0268308556975093
"419",11,2019,"Elder",0.215054165232764,0.857951257945728,0.9,0.000428975628972864,0.000857951257945728,0.00428975628972864,0.00857951257945729,0.0428975628972864
"420",11,2019,"Elder",0.215054165232764,1.08636974360719,0.95,0.000543184871803595,0.00108636974360719,0.00543184871803595,0.0108636974360719,0.0543184871803595
"421",12,2016,"Dry Creek",13.6767052647071,0.264120555497309,0.25,0.000132060277748655,0.000264120555497309,0.00132060277748655,0.00264120555497309,0.0132060277748655
"422",12,2016,"Dry Creek",13.6767052647071,0.326332486650033,0.5,0.000163166243325016,0.000326332486650033,0.00163166243325016,0.00326332486650033,0.0163166243325016
"423",12,2016,"Dry Creek",13.6767052647071,0.524214051637072,0.75,0.000262107025818536,0.000524214051637072,0.00262107025818536,0.00524214051637072,0.0262107025818536
"424",12,2016,"Dry Creek",13.6767052647071,0.8381210612612,0.9,0.0004190605306306,0.0008381210612612,0.004190605306306,0.008381210612612,0.04190605306306
"425",12,2016,"Dry Creek",13.6767052647071,1.06126001215294,0.95,0.000530630006076471,0.00106126001215294,0.00530630006076472,0.0106126001215294,0.0530630006076472
"426",12,2017,"Dry Creek",0.175903624683987,0.264120555497309,0.25,0.000132060277748655,0.000264120555497309,0.00132060277748655,0.00264120555497309,0.0132060277748655
"427",12,2017,"Dry Creek",0.175903624683987,0.326332486650033,0.5,0.000163166243325016,0.000326332486650033,0.00163166243325016,0.00326332486650033,0.0163166243325016
"428",12,2017,"Dry Creek",0.175903624683987,0.524214051637072,0.75,0.000262107025818536,0.000524214051637072,0.00262107025818536,0.00524214051637072,0.0262107025818536
"429",12,2017,"Dry Creek",0.175903624683987,0.8381210612612,0.9,0.0004190605306306,0.0008381210612612,0.004190605306306,0.008381210612612,0.04190605306306
"430",12,2017,"Dry Creek",0.175903624683987,1.06126001215294,0.95,0.000530630006076471,0.00106126001215294,0.00530630006076472,0.0106126001215294,0.0530630006076472
"431",12,2018,"Dry Creek",6.70065949781921,0.264120555497309,0.25,0.000132060277748655,0.000264120555497309,0.00132060277748655,0.00264120555497309,0.0132060277748655
"432",12,2018,"Dry Creek",6.70065949781921,0.326332486650033,0.5,0.000163166243325016,0.000326332486650033,0.00163166243325016,0.00326332486650033,0.0163166243325016
"433",12,2018,"Dry Creek",6.70065949781921,0.524214051637072,0.75,0.000262107025818536,0.000524214051637072,0.00262107025818536,0.00524214051637072,0.0262107025818536
"434",12,2018,"Dry Creek",6.70065949781921,0.8381210612612,0.9,0.0004190605306306,0.0008381210612612,0.004190605306306,0.008381210612612,0.04190605306306
"435",12,2018,"Dry Creek",6.70065949781921,1.06126001215294,0.95,0.000530630006076471,0.00106126001215294,0.00530630006076472,0.0106126001215294,0.0530630006076472
"436",12,2015,"Dry Creek",17.6834707134456,0.264120555497309,0.25,0.000132060277748655,0.000264120555497309,0.00132060277748655,0.00264120555497309,0.0132060277748655
"437",12,2015,"Dry Creek",17.6834707134456,0.326332486650033,0.5,0.000163166243325016,0.000326332486650033,0.00163166243325016,0.00326332486650033,0.0163166243325016
"438",12,2015,"Dry Creek",17.6834707134456,0.524214051637072,0.75,0.000262107025818536,0.000524214051637072,0.00262107025818536,0.00524214051637072,0.0262107025818536
"439",12,2015,"Dry Creek",17.6834707134456,0.8381210612612,0.9,0.0004190605306306,0.0008381210612612,0.004190605306306,0.008381210612612,0.04190605306306
"440",12,2015,"Dry Creek",17.6834707134456,1.06126001215294,0.95,0.000530630006076471,0.00106126001215294,0.00530630006076472,0.0106126001215294,0.0530630006076472
"441",12,2015,"Elder",9.38210788404195,0.264120555497309,0.25,0.000132060277748655,0.000264120555497309,0.00132060277748655,0.00264120555497309,0.0132060277748655
"442",12,2015,"Elder",9.38210788404195,0.326332486650033,0.5,0.000163166243325016,0.000326332486650033,0.00163166243325016,0.00326332486650033,0.0163166243325016
"443",12,2015,"Elder",9.38210788404195,0.524214051637072,0.75,0.000262107025818536,0.000524214051637072,0.00262107025818536,0.00524214051637072,0.0262107025818536
"444",12,2015,"Elder",9.38210788404195,0.8381210612612,0.9,0.0004190605306306,0.0008381210612612,0.004190605306306,0.008381210612612,0.04190605306306
"445",12,2015,"Elder",9.38210788404195,1.06126001215294,0.95,0.000530630006076471,0.00106126001215294,0.00530630006076472,0.0106126001215294,0.0530630006076472
"446",12,2016,"Elder",10.7520881739388,0.264120555497309,0.25,0.000132060277748655,0.000264120555497309,0.00132060277748655,0.00264120555497309,0.0132060277748655
"447",12,2016,"Elder",10.7520881739388,0.326332486650033,0.5,0.000163166243325016,0.000326332486650033,0.00163166243325016,0.00326332486650033,0.0163166243325016
"448",12,2016,"Elder",10.7520881739388,0.524214051637072,0.75,0.000262107025818536,0.000524214051637072,0.00262107025818536,0.00524214051637072,0.0262107025818536
"449",12,2016,"Elder",10.7520881739388,0.8381210612612,0.9,0.0004190605306306,0.0008381210612612,0.004190605306306,0.008381210612612,0.04190605306306
"450",12,2016,"Elder",10.7520881739388,1.06126001215294,0.95,0.000530630006076471,0.00106126001215294,0.00530630006076472,0.0106126001215294,0.0530630006076472
"451",12,2017,"Elder",1.03064921842949,0.264120555497309,0.25,0.000132060277748655,0.000264120555497309,0.00132060277748655,0.00264120555497309,0.0132060277748655
"452",12,2017,"Elder",1.03064921842949,0.326332486650033,0.5,0.000163166243325016,0.000326332486650033,0.00163166243325016,0.00326332486650033,0.0163166243325016
"453",12,2017,"Elder",1.03064921842949,0.524214051637072,0.75,0.000262107025818536,0.000524214051637072,0.00262107025818536,0.00524214051637072,0.0262107025818536
"454",12,2017,"Elder",1.03064921842949,0.8381210612612,0.9,0.0004190605306306,0.0008381210612612,0.004190605306306,0.008381210612612,0.04190605306306
"455",12,2017,"Elder",1.03064921842949,1.06126001215294,0.95,0.000530630006076471,0.00106126001215294,0.00530630006076472,0.0106126001215294,0.0530630006076472
"456",12,2018,"Elder",2.74752275315843,0.264120555497309,0.25,0.000132060277748655,0.000264120555497309,0.00132060277748655,0.00264120555497309,0.0132060277748655
"457",12,2018,"Elder",2.74752275315843,0.326332486650033,0.5,0.000163166243325016,0.000326332486650033,0.00163166243325016,0.00326332486650033,0.0163166243325016
"458",12,2018,"Elder",2.74752275315843,0.524214051637072,0.75,0.000262107025818536,0.000524214051637072,0.00262107025818536,0.00524214051637072,0.0262107025818536
"459",12,2018,"Elder",2.74752275315843,0.8381210612612,0.9,0.0004190605306306,0.0008381210612612,0.004190605306306,0.008381210612612,0.04190605306306
"460",12,2018,"Elder",2.74752275315843,1.06126001215294,0.95,0.000530630006076471,0.00106126001215294,0.00530630006076472,0.0106126001215294,0.0530630006076472
